name,price,ratedBy
Nykaa Cosmetics Matte Tattoo Lip Colour,₹809,( 5 )
Nykaa SkinShield Anti-Pollution Matte Foundation,₹479,( 6280 )
Nykaa Eyes On Me! 10-in-1 Eyeshadow Palette,₹479,( 22201 )
Nykaa Matte to Last! Transfer Proof Liquid Lipstick - Khoob-...,₹519,( 38146 )
Nykaa Nail Enamel,₹113,( 62888 )
Nykaa Strobe & Glow Liquid Highlighter,₹629,( 7401 )
Nykaa Matte Luxe Lipstick,₹660,( 5510 )
Nykaa Get Cheeky! Blush Duo Palette,₹580,( 6405 )
Nykaa Glamoreyes Colour Eye Pencil Kajal,₹374,( 11070 )
Nykaa All Day Matte Long Wear Liquid Foundation With Pump,₹449,( 3256 )
Nykaa So Creme! Creamy Matte Lipstick,₹260,( 68233 )
Nykaa Cosmetics Prep Me Up! Face Primer,₹129,( 7625 )
Nykaa Cosmetics Insta Magic Eyes Duo- Black Magic Kajal & Bl...,₹446,( 29265 )
Nykaa Cosmetics Matte Tattoo Liquid Lipstick + Black Magic K...,₹855,( 13200 )
"Nykaa All Day Matte Waterproof, Transfer Proof, Mask Proof, ...",₹338,( 15576 )
Nykaa Cosmetics Instalike - Parisian Pink + Lilac Goals,₹214,( 72 )
Nykaa Black Magic! Gel Eyeliner - Jet Black,₹539,( 5399 )
Nykaa Ultra Matte Lipstick,₹438,( 10052 )
Nykaa All Day Matte 12Hr Oil Control Face Compact Powder Wit...,₹199,( 17159 )
Nykaa Breathable Nail Enamel,₹191,( 20301 )
Nykaa Cosmetics Eyes On Me! 4 In 1 Quad Eyeshadow Palette,₹319,( 5549 )
Nykaa Cosmetics Instalike - Top Creator + Base Bff,₹214,( 60 )
Nykaa Matte To Last ! Liquid Lipstick,₹389,( 38146 )
Nykaa Matte To Last! Mini Liquid Lipstick,₹212,( 80627 )
Nykaa Prep Me Up! Mini Primer,₹129,( 7625 )
Nykaa Ultra Matte Mini Lipstick,₹212,( 21744 )
Nykaa So Matte! Mini Lipstick,₹178,( 88728 )
Masaba by Nykaa Nail Enamel,₹119,( 19209 )
Nykaa Lash Talk Volumizing Mascara,₹339,( 13065 )
Nykaa Matte Nail Enamel,₹169,( 53051 )
Nykaa Matte to Last! Mini Metallic Liquid Lipstick and Eyesh...,₹149,( 9397 )
Nykaa Mini SKINgenius Sculpting & Hydrating Dewy Foundation,₹159,( 6114 )
Nykaa Insta Dry Fast Drying Nail Enamel Polish,₹180,( 11089 )
Nykaa So Matte Lipstick,₹255,( 21373 )
Nykaa Love Struck Perfume,₹594,( 7438 )
Nykaa Lips Don't Lie! Line & Fill Lip Liner,₹319,( 11606 )
Nykaa Black Magic Liquid Eyeliner - Super Black 01,₹325,( 15868 )
Nykaa Black Magic Kajal - Black,₹170,( 13200 )
Nykaa Eyes On Me! 10-in-1 Eyeshadow Palette - Sundowner Stun...,₹479,( 22201 )
Nykaa Prep Me Up! Face Primer,₹549,( 7625 )
Nykaa GLAMOReyes Coloured Liquid Eyeliner,₹228,( 11514 )
Nykaa Matte-ilicious Lip Crayon Lipstick,₹599,( 9763 )
Nykaa Lip Crush Macaron Lip Balm,₹223,( 27691 )
Nykaa SKINgenius BB Cream SPF30,₹262,( 10141 )
Nykaa Cosmetics Masaba By Nykaa Mini Pocket Perfume,₹239,( 5854 )
Nykaa Lash Talk Curl Power Curling Mascara,₹314,( 13065 )
Nykaa Paintstix! Waterproof Matte Lipstick,₹374,( 10524 )
Nykaa Gloss it Up! High Shine Lip Gloss,₹449,( 7184 )
Nykaa Rock the Line Kajal Eyeliner - 001 Jet Black,₹179,( 21682 )
Nykaa Matte To Last! Mini Liquid Lipstick - Madras Kaapi 05,₹249,( 80627 )
Nykaa Strobe & Glow Liquid Highlighter - Glazed Bronze,₹629,( 7401 )
Nykaa InstaBlur Color Corrector Stick,₹439,( 3772 )
Nykaa Eyes On Me! 10-in-1 Eyeshadow Palette - Smokey at 8!,₹539,( 22201 )
Nykaa Nail Care Range,₹187,( 9463 )
Nykaa Lash Talk False Eyelash,₹149,( 10685 )
Nykaa SKINgenius Foundation Stick Conceal Contour & Correcto...,₹403,( 6177 )
Nykaa SKINgenius Conceal & Correct Palette,₹1274,( 4033 )
Nykaa Matte To Last! Mini Liquid Lipstick - Chai 18,₹249,( 80627 )
Nykaa Serial Kisser Lip Balm,₹119,( 14951 )
Nykaa Ultra Matte Mini Lipstick - Nefertiti 02,₹212,( 21744 )
Nykaa SKINgenius Sculpting & Hydrating Dewy Foundation,₹460,( 6856 )
Nykaa So Creme! Creamy Matte Lipstick - Like a Boss,₹276,( 68233 )
Nykaa Strobe & Glow Liquid Highlighter - Blushed Moonlight,₹629,( 7401 )
Nykaa Salon Shine Gel Nail Lacquer,₹244,( 4602 )
Nykaa Ultra Matte Mini Lipstick - Monalisa 09,₹249,( 21744 )
Nykaa BlendMaster All-rounder Makeup Perfecting Sponge Beaut...,₹319,( 4502 )
Masaba By Nykaa Pure Matte Lipstick,₹479,( 718 )
Nykaa Sealed with a Kiss! Lipstick Palette,₹559,( 6684 )
Nykaa All Day Matte Compact Powder - Beige 03(8gm),₹249,( 17159 )
Nykaa Matte To Last! Mini Liquid Lipstick - Bombae 01,₹249,( 80627 )
Nykaa Bling It On! Mini Travel-Size Makeup Pouch,₹179,( 7832 )
Nykaa Cosmetics Eyes On Me! 4 in 1 Quad Eyeshadow Palette - ...,₹375,( 5549 )
Nykaa Eyes On Me! 10-in-1 Eyeshadow Palette - Beachside Peac...,₹539,( 22201 )
Nykaa So Creme! Creamy Matte Lipstick - Gossip Dose,₹293,( 68233 )
Nykaa Lip Crush Macaron Lip Balm - Strawberry 06,₹279,( 27691 )
Nykaa Metal Addict Makeup Bag,₹270,( 10664 )
Nykaa Matte to Last! Transfer Proof Liquid Lipstick - Bombae...,₹649,( 38146 )
Nykaa Cosmetics Eyes On Me! 4 in 1 Quad Eyeshadow Palette - ...,₹319,( 5549 )
Nykaa So Creme! Creamy Matte Lipstick - On Fire,₹293,( 68233 )
Janhvi Kapoor X Nykaa kits - Glam Squad,₹798,( 162 )
Nykaa Gloss it Up! High Shine Lip Gloss - 01 Honey Boo,₹499,( 7184 )
Nykaa Makeup Remover Wipes,₹269,( 1537 )
Nykaa BlendPro Eyeshadow Blending Makeup Brush,₹299,( 3762 )
Nykaa Cosmetics Eyes On Me! 4 in 1 Quad Eyeshadow Palette - ...,₹375,( 5549 )
Nykaa So Creme! Creamy Matte Lipstick - Game On,₹325,( 68233 )
Nykaa 8hour Lasting Full Cover Matte Gloss,₹439,( 1056 )
Nykaa Glow Goals! Shimmer Brick Highlighter Palette,₹629,( 4128 )
Nykaa Eyes On Me! 10-in-1 Eyeshadow Palette - Daydreaming,₹599,( 22201 )
Nykaa Eyes On Me! 10-in-1 Eyeshadow Palette - Tinsel Twiligh...,₹539,( 22201 )
Nykaa SKINgenius Skin Perfecting & Hydrating Matte Powder Co...,₹359,( 4608 )
Nykaa SKINgenius BB Cream SPF30 - Soft Beige 02,₹314,( 10141 )
Nykaa Lash Talk Super Sizer Volumizing Mascara,₹399,( 13065 )
Nykaa Get Cheeky! Blush Duo Palette - Brazilian Bombshell 01,₹580,( 6405 )
Nykaa Love Struck Perfume - First Date,₹699,( 7438 )
Nykaa Cosmetics Endless Nights Eau De Parfum,₹1499,( 115 )
Nykaa GLAMOReyes Coloured Liquid Eyeliner - 02 Chaotic Calyp...,₹293,( 11514 )
Nykaa So Creme! Creamy Matte Lipstick - It's a Date,₹276,( 68233 )
Nykaa So Matte! Mini Lipstick - 11 Naughty Nude,₹188,( 88728 )
Nykaa Ultra Matte Mini Lipstick - Helena 12,₹224,( 21744 )
Masaba By Nykaa Perfume,₹1080,( 1076 )
Nykaa Get Cheeky! Blush Duo palette - Malibu Barbie 03,₹653,( 6405 )
Nykaa Mirror Chrome Nail Lacquer,₹187,( 4243 )
Nykaa Oh My Brow! Eyebrow Mascara - Sirius Brown,₹519,( 1376 )
Nykaa Star Studded Glitter Coat Nail Enamel,₹212,( 3765 )
Nykaa So Creme! Creamy Matte Lipstick - Walk the Walk,₹293,( 68233 )
Nykaa So Matte! Mini Lipstick - 30 M Regal Ruby,₹209,( 88728 )
"Nykaa All Day Matte Waterproof, Transfer Proof, Mask Proof, ...",₹375,( 15576 )
Nykaa Eyem Bold Kajal With Free Sharpener (Deep Black 001),₹549,( 3990 )
Nykaa Ultra Matte Mini Lipstick - Jane 11,₹249,( 21744 )
Nykaa So Creme! Creamy Matte Lipstick - Traffic Jammin',₹260,( 68233 )
Nykaa Cosmetics Eyes On Me! 4 in 1 Quad Eyeshadow Palette - ...,₹338,( 5549 )
Nykaa Cosmetics Eyes On Me! 4 in 1 Quad Eyeshadow Palette - ...,₹338,( 5549 )
Nykaa So Creme! Creamy Matte Lipstick - Dressed to Kill,₹325,( 68233 )
Nykaa So Matte! Mini Lipstick - 26 M Bon Bon,₹209,( 88728 )
Nykaa Matte To Last! Mini Liquid Lipstick - Maharani 02,₹249,( 80627 )
Nykaa Unicorn Potion Nail Enamel,₹199,( 8488 )
Nykaa Matte Nail Lacquer - Nutcracker Dreams 151,₹191,( 53051 )
Nykaa InstaBlur Color Corrector Stick - Peach,₹494,( 3772 )
Nykaa Cookie Crumble Nail Enamel,₹199,( 14677 )
Nykaa Cosmetics Black Magic Kajal Set Of 2,₹289,( 13280 )
Nykaa Browgirl Eyebrow Definer Pencil - Bewitched Chestnut,₹499,( 2654 )
Nykaa Holographic Pouch,₹320,( 2055 )
Nykaa BlendPro Blush Makeup Brush,₹599,( 1169 )
Nykaa Ultra Matte Mini Lipstick - Cleopatra 08,₹249,( 21744 )
Nykaa Matte to Last! Transfer Proof Liquid Lipstick - Boho-1...,₹649,( 38146 )
Nykaa Eyem BLACK Kajal Eyeliner With Free Nykaa Sharpener Bl...,₹404,( 3746 )
Masaba By Nykaa Nail Enamel Remover,₹165,( 1186 )
Nykaa Dual Tone Nail Enamel Remover,₹99,( 3325 )
Nykaa All Day Matte 12Hr Oil Control Face Compact Powder Wit...,₹224,( 17159 )
Nykaa Matte to Last! Transfer Proof Liquid Lipstick - Mahara...,₹649,( 38146 )
Nykaa Matte To Last! Mini Liquid Lipstick - Janhvi 23,₹249,( 80627 )
Nykaa So Creme! Creamy Matte Lipstick - Day Dreaming,₹325,( 68233 )
Nykaa Brow Chika WOW Eyebrow Pencil - Coven Cocoa 01,₹359,( 1941 )
Nykaa Get Inked! Sketch Eyeliner Pen - Onyx 01,₹449,( 4636 )
Nykaa SKINgenius Sculpting & Hydrating Dewy Foundation For D...,₹575,( 6856 )
Nykaa Gold Rush Nail Lacquer,₹199,( 2352 )
Nykaa So Matte! Mini Lipstick - 07 Wicked Wine,₹209,( 88728 )
"Nykaa All Day Matte Waterproof, Transfer Proof, Mask Proof, ...",₹375,( 15576 )
Nykaa Love Struck Perfume - Stay With Me,₹594,( 7438 )
Nykaa SKINgenius BB Cream SPF30 - Rich Honey 03,₹297,( 10141 )
Nykaa Wing In A Blink Eyeliner Pen - Dark Knight 01,₹539,( 3777 )
Nykaa Ultra Matte Mini Lipstick - Grace 07,₹224,( 21744 )
Nykaa All Day Matte 12Hr Oil Control Face Compact Powder Wit...,₹224,( 17159 )
Nykaa So Creme! Creamy Matte Lipstick - Pep Talk,₹293,( 68233 )
"Nykaa All Day Matte Waterproof, Transfer Proof, Mask Proof, ...",₹338,( 15576 )
Nykaa Matte To Last! Mini Liquid Lipstick - Boho 16,₹249,( 80627 )
Nykaa Love Struck Perfume - Love Notes,₹699,( 7438 )
Nykaa Matte to Last! Transfer Proof Liquid Lipstick - Janhvi...,₹649,( 38146 )
Nykaa BlendPro Concealer Makeup Brush,₹399,( 1174 )
Nykaa Ultra Matte Lipstick - Helen 01,₹563,( 10052 )
Nykaa Professional Makeup Palette - Eyeshadow & Blush,₹2399,( 255 )
"Nykaa All Day Matte Waterproof, Transfer Proof, Mask Proof, ...",₹338,( 15576 )
Nykaa Cosmetics Nail Your Look Combo,₹608,( 161 )
Nykaa Love Struck Perfume - Hidden Blush,₹629,( 7438 )
"Nykaa Moi Mini Fragrance Gift Combo - Amour, Bisous, Joie De...",₹896,( 220 )
Nykaa Ultra Matte Mini Lipstick - Coco 17,₹224,( 21744 )
Nykaa Ultra Matte Mini Lipstick - Cher 14,₹212,( 21744 )
Nykaa Ultra Matte Mini Lipstick - Madhu 16,₹249,( 21744 )
Nykaa GLAMOReyes Coloured Liquid Eyeliner - 03 Enchanting Fo...,₹293,( 11514 )
Nykaa GLAMOReyes Coloured Liquid Eyeliner - 04 Mystic Woods,₹276,( 11514 )
Nykaa BuffMaster Silicone Makeup Brush Cleaner,₹224,( 1912 )
Nykaa Unicorn Potion Nail Enamel Polish - Frosted Fairy 239,₹224,( 8488 )
Janhvi's Must Have Lipstick Duo,₹585,( 52 )
Nykaa SKINgenius Foundation Stick Conceal Contour & Correcto...,₹575,( 6177 )
Janhvi Kapoor X Nykaa kits - Lip Wardrobe,₹575,( 111 )
Nykaa Cosmetics Power Pouts With Nykaa So Matte Minis- Bare ...,₹564,( 97 )
Nykaa Lip Crush Macaron Lip Balm - Chocolate Hazelnut 02,₹251,( 27691 )
Nykaa So Matte! Mini Lipstick - 47 M Bare Minimum,₹209,( 88728 )
Nykaa Sealed with a Kiss! Lipstick Palette - Flower Child 02,₹629,( 6684 )
Nykaa So Matte! Mini Lipstick - 17 M Cranberry Sangria,₹188,( 88728 )
Nykaa Blendmaster Blend And Bake Makeup Sponge Beauty Blende...,₹338,( 2159 )
Nykaa Get Cheeky! Blush Duo Palette - Cali Chick 02,₹616,( 6405 )
Nykaa Cosmetics Drama Eye Look - Like It Long Mascara + Blac...,₹738,( 37844 )
Nykaa Cosmetics Endless Nights Eau De Parfum - Midnight Pass...,₹1499,( 115 )
Nykaa SKINgenius Skin Perfecting & Hydrating Matte Powder Co...,₹539,( 4608 )
Nykaa Cosmetics Blendpro Brushes Eye Series (Eyeshadow Blend...,₹762,( 5748 )
Nykaa Matte Luxe Lipstick - Artisanal Coffee,₹660,( 5510 )
Nykaa Cosmetics Eyes On Me! 4 in 1 Quad Eyeshadow Palette - ...,₹375,( 5549 )
Janhvi Kapoor X Nykaa kits - Handbag Heroes,₹798,( 102 )
Nykaa So Matte! Mini Lipstick - 16 M Spiced Cabernet,₹188,( 88728 )
Nykaa Bling It On! Mini Travel-Size Makeup Pouch - Gold Twin...,₹179,( 7832 )
Nykaa Matte to Last! Mini Liquid Lipstick - Jhumki 14,₹224,( 80627 )
Nykaa BlendPro Foundation Makeup Brush,₹424,( 980 )
Nykaa Serial Kisser Lip Balm - Raspberry,₹149,( 14951 )
Nykaa Contour & Conquer - Contour and Highlight Duo - Sizzle...,₹616,( 1195 )
Nykaa Love Struck Perfume - Stolen Glance,₹594,( 7438 )
Nykaa Nail Enamel Polish - Blackcurrant Gelato 72,₹189,( 62888 )
Nykaa So Matte! Mini Lipstick - 20M Caramel Margharita,₹209,( 88728 )
Nykaa Glow Goals! Shimmer Brick Highlighter Palette - Good O...,₹629,( 4128 )
Nykaa Matte To Last! Mini Liquid Lipstick - Gul 17,₹249,( 80627 )
Nykaa Lash Talk False Eyelash - Melodrama,₹179,( 10685 )
Nykaa Sealed with a Kiss! Lipstick Palette - Bare Crush 03,₹594,( 6684 )
Nykaa So Matte! Mini Lipstick - 12 Taupe Thrill,₹209,( 88728 )
Nykaa So Matte! Mini Lipstick - 29 M Scarlet Siren,₹209,( 88728 )
Nykaa Matte Nail Enamel Polish - Ruby Blaze 120,₹225,( 53051 )
Nykaa Matte To Last! Mini Liquid Lipstick - Mishti 10,₹249,( 80627 )
Nykaa Mini Skinshield Anti-pollution Matte Foundation,₹169,( 1280 )
Nykaa Gloss it Up! High Shine Lip Gloss - 02 Sweet Angel,₹449,( 7184 )
Nykaa Love Struck Perfume - Talk All Night,₹594,( 7438 )
Nykaa Matte-illicious Lip Crayon Lipstick with Free Sharpene...,₹749,( 9763 )
Nykaa Star Studded Glitter Coat Nail Enamel Polish - Boujee ...,₹224,( 3765 )
Nykaa Breathable Nail Enamel - Bare Skin - 318,₹225,( 20301 )
"Nykaa All Day Matte Waterproof, Transfer Proof, Mask Proof, ...",₹375,( 15576 )
Nykaa Brow On Point! Micro Fine Eyebrow Pencil - Wiccan Wand,₹424,( 1066 )
Nykaa Kabuki Brush,₹383,( 1037 )
Nykaa Party Edit Clutch,₹749,( 2059 )
Nykaa So Matte! Mini Lipstick - 50 M Cinnamon Crunch,₹209,( 88728 )
Nykaa Matte to Last! Transfer Proof Liquid Lipstick - Rukmin...,₹584,( 38146 )
Nykaa BlendPro Highlighting Fan Makeup Brush,₹359,( 1386 )
Nykaa SKINgenius Foundation Stick Conceal Contour & Correcto...,₹518,( 6177 )
Nykaa Matte Luxe Lipstick - Retail Therapy,₹660,( 5510 )
Nykaa Wedding Edition Nail Enamel Polish - Mink Muffin 261,₹189,( 62888 )
"Nykaa All Day Matte Waterproof, Transfer Proof, Mask Proof, ...",₹375,( 15576 )
Nykaa Just Wink It! 12 in 1 - Eyeshadow Palette,₹945,( 1733 )
Nykaa Matte To Last! Mini Liquid Lipstick - Rukmini 22,₹224,( 80627 )
Nykaa Breathable Nail Enamel - Wine Unwind - 326,₹225,( 20301 )
Nykaa Cosmetics Blendpro Brushes Face Essentials (Blush + Co...,₹1272,( 3331 )
Nykaa Matte Nail Enamel Polish - Lemonade Fizz 76,₹191,( 53051 )
"Nykaa All Day Matte Waterproof, Transfer Proof, Mask Proof, ...",₹338,( 15576 )
Nykaa All Day Matte 12Hr Oil Control Face Compact Powder Wit...,₹199,( 17159 )
Nykaa Matte To Last! Mini Liquid Lipstick - Maithili 25,₹224,( 80627 )
Nykaa Ultra Matte Mini Lipstick - Razia 18,₹249,( 21744 )
Nykaa BlendPro Contour Makeup Brush,₹479,( 724 )
Nykaa Matte Luxe Lipstick - Truffle,₹825,( 5510 )
Nykaa Lips Don't Lie! Waterproof Line & Fill Lip Liner - Bea...,₹399,( 11606 )
Nykaa GLAMOReyes Coloured Liquid Eyeliner - 05 Dragon's Hear...,₹228,( 11514 )
Nykaa Take A Brow! Eyebrow Filler Powder - Coco Raven,₹489,( 1056 )
Nykaa Ultra Matte Mini Lipstick - Marilyn 10,₹224,( 21744 )
Nykaa BlendPro Eyeshadow Application Makeup Brush,₹269,( 1269 )
Nykaa Glamoreyes Colour Eye Pencil Kajal - Blue Hex 01,₹424,( 11070 )
Nykaa Glamoreyes Colour Eye Pencil Kajal - Violet Wizard 06,₹449,( 11070 )
"Nykaa All Day Matte Waterproof, Transfer Proof, Mask Proof, ...",₹338,( 15576 )
Nykaa Paintstix! Waterproof Matte Lipstick - Print Party,₹399,( 10524 )
Nykaa Wow My Brow Eyebrow Palette - Chamber Of Secrets,₹616,( 955 )
Nykaa Matte Luxe Lipstick - Staycation,₹825,( 5510 )
Nykaa So Matte Lipstick - Naughty Nude 11 M,₹383,( 21373 )
"Nykaa All Day Matte Waterproof, Transfer Proof, Mask Proof, ...",₹338,( 15576 )
Nykaa So Matte! Mini Lipstick - 45 M Dirty Peach,₹178,( 88728 )
Nykaa Bling It On! Mini Travel-Size Makeup Pouch - Blushing ...,₹179,( 7832 )
Nykaa Matte Luxe Lipstick - Athleisure,₹825,( 5510 )
Nykaa Matte to Last! Mini Liquid Lipstick - Mastani 11,₹212,( 80627 )
Nykaa Matte Luxe Lipstick - Avocado Toast,₹825,( 5510 )
Nykaa Glamoreyes Colour Eye Pencil Kajal - Midnight,₹424,( 11070 )
Nykaa Glow Getter Highlighting & Illuminating Duo Palette,₹580,( 3254 )
Nykaa SKINgenius Skin Perfecting & Hydrating Matte Powder Co...,₹539,( 4608 )
Nykaa Glow Goals! Shimmer Brick Highlighter Palette - Want i...,₹699,( 4128 )
Nykaa So Matte! Mini Lipstick - 15 M Sugar Plum Martini,₹188,( 88728 )
Nykaa So Matte! Mini Lipstick - 13 M Mulled Wine,₹188,( 88728 )
Nykaa So Matte! Mini Lipstick - 48 M Totes Natural!,₹188,( 88728 )
"Nykaa Cosmetics Black Magic Liquid Eyeliner,Brow On Point Pe...",₹1138,( 16987 )
Nykaa Breathable Nail Enamel - Easy Nude - 320,₹225,( 20301 )
Nykaa Holographic Pouch - Pink,₹320,( 2055 )
Nykaa Cosmetics Glam Eyes Look-Glamoreyes Coloured Liquid Ey...,₹553,( 32 )
Nykaa Sugar Crush Glitter Makeup Pouch,₹204,( 2392 )
Nykaa BlendMaster All-rounder Makeup Perfecting Sponge Beaut...,₹383,( 4502 )
Nykaa Nail Enamel Polish - Marshmallow Dream 83,₹189,( 62888 )
Nykaa Glamoreyes Colour Eye Pencil Kajal - Jade Jinx 03,₹499,( 11070 )
Nykaa Matte-illicious Lip Crayon Lipstick with Free Sharpene...,₹637,( 9763 )
Nykaa Matte to Last! Transfer Proof Liquid Lipstick - Le Pon...,₹552,( 38146 )
Nykaa SkinShield Anti-Pollution Matte Foundation for Oily Sk...,₹719,( 6280 )
Nykaa Lips Don't Lie! Waterproof Line & Fill Lip Liner - Jus...,₹359,( 11606 )
Nykaa Blendpro Angular Eyeshadow and Lipstick Makeup Brush,₹254,( 690 )
Nykaa Nail Care - Rock Hard Nail Hardener,₹212,( 9463 )
Nykaa Cosmetics Breathable Nail Enamel - Easy Nude + Bare Sk...,₹608,( 69 )
Nykaa Lash Talk False Eyelash - Real Deal,₹179,( 10685 )
Nykaa Cosmetics Best Of Matte To Last In Minis- Janhvi + Mad...,₹672,( 34 )
Nykaa Mirror Shine Trousseau Box,₹1699,( 370 )
Nykaa Matte to Last! Mini Liquid Lipstick - Le Pondy 15,₹224,( 80627 )
Nykaa Nail Enamel Polish - Cranberry Crumble 06,₹170,( 62888 )
Nykaa Lash Talk False Eyelash - Turn Up The Drama,₹179,( 10685 )
"Nykaa All Day Matte Waterproof, Transfer Proof, Mask Proof, ...",₹375,( 15576 )
Nykaa Breathable Nail Enamel - Stay Zen - 309,₹191,( 20301 )
Nykaa Black To Gold Nail Enamel Collection,₹199,( 1531 )
Nykaa Cosmetics Prep Me Up! Mini Primer,₹129,( 3609 )
"Nykaa All Day Matte Waterproof, Transfer Proof, Mask Proof, ...",₹375,( 15576 )
Nykaa Glamoreyes Colour Eye Pencil Kajal - Moon Child 11,₹399,( 11070 )
Nykaa Matte Nail Enamel Polish - Spiced Gingerbread 126,₹225,( 53051 )
Nykaa Serial Kisser Lip Balm - Blueberry,₹127,( 14951 )
Nykaa Cosmetics Blendpro Brushes Shape & Sculpt Series ( Blu...,₹1278,( 3294 )
Nykaa Nail Care - Shine On Top Coat,₹212,( 9463 )
